[
  {
    "fullname": "Faustina Burgher",
    "boughtCars": 4,
    "spentMoney": 12585.89
  },
  {
    "fullname": "Garret Capron",
    "boughtCars": 3,
    "spentMoney": 11743.59
  },
  {
    "fullname": "Carri Knapik",
    "boughtCars": 4,
    "spentMoney": 11550.63
  },
  {
    "fullname": "Zada Attwood",
    "boughtCars": 4,
    "spentMoney": 11223.87
  },
  {
    "fullname": "Jimmy Grossi",
    "boughtCars": 3,
    "spentMoney": 10382.12
  },
  {
    "fullname": "Teddy Hobby",
    "boughtCars": 5,
    "spentMoney": 9797.86
  },
  {
    "fullname": "Cinthia Lasala",
    "boughtCars": 5,
    "spentMoney": 9317.68
  },
  {
    "fullname": "Oren Perlman",
    "boughtCars": 4,
    "spentMoney": 9134.27
  },
  {
    "fullname": "Audrea Cardinal",
    "boughtCars": 3,
    "spentMoney": 8714.26
  },
  {
    "fullname": "Emmitt Benally",
    "boughtCars": 5,
    "spentMoney": 7510.36
  },
  {
    "fullname": "Marcelle Griego",
    "boughtCars": 3,
    "spentMoney": 6561.96
  },
  {
    "fullname": "Hai Everton",
    "boughtCars": 2,
    "spentMoney": 6017.61
  },
  {
    "fullname": "Johnette Derryberry",
    "boughtCars": 3,
    "spentMoney": 5486.86
  },
  {
    "fullname": "Nisha Markwell",
    "boughtCars": 1,
    "spentMoney": 5347.84
  },
  {
    "fullname": "Louann Holzworth",
    "boughtCars": 3,
    "spentMoney": 5201.03
  },
  {
    "fullname": "Natalie Poli",
    "boughtCars": 3,
    "spentMoney": 5013.00
  },
  {
    "fullname": "Hipolito Lamoreaux",
    "boughtCars": 6,
    "spentMoney": 4539.08
  },
  {
    "fullname": "Lino Subia",
    "boughtCars": 2,
    "spentMoney": 4248.91
  },
  {
    "fullname": "Carole Witman",
    "boughtCars": 2,
    "spentMoney": 3977.58
  },
  {
    "fullname": "Kristian Engberg",
    "boughtCars": 3,
    "spentMoney": 3814.22
  },
  {
    "fullname": "Brett Brickley",
    "boughtCars": 2,
    "spentMoney": 3366.01
  },
  {
    "fullname": "Donnetta Soliz",
    "boughtCars": 3,
    "spentMoney": 3029.78
  },
  {
    "fullname": "Daniele Zarate",
    "boughtCars": 3,
    "spentMoney": 2946.18
  },
  {
    "fullname": "Rico Peer",
    "boughtCars": 2,
    "spentMoney": 2899.97
  },
  {
    "fullname": "Rema Revelle",
    "boughtCars": 1,
    "spentMoney": 2341.64
  },
  {
    "fullname": "Taina Achenbach",
    "boughtCars": 2,
    "spentMoney": 1608.82
  },
  {
    "fullname": "Yvonne Mccalla",
    "boughtCars": 1,
    "spentMoney": 1003.78
  },
  {
    "fullname": "Francis Mckim",
    "boughtCars": 2,
    "spentMoney": 621.14
  },
  {
    "fullname": "Sylvie Mcelravy",
    "boughtCars": 2,
    "spentMoney": 581.39
  },
  {
    "fullname": "Ann Mcenaney",
    "boughtCars": 2,
    "spentMoney": 521.85
  }
]